<?xml version="1.0" encoding="UTF-8"?>
<!DOCTYPE suite SYSTEM "http://testng.org/testng-1.0.dtd">
<suite name="DeclareTemperatureReadingTestSuite" parallel="false">
	<listeners>
		<listener class-name="org.uncommons.reportng.HTMLReporter" />
		<listener class-name="org.uncommons.reportng.JUnitXMLReporter" />
		<!-- listener class-name="resources.ExtentReporterNG"/> -->
	</listeners>
	<test name="TestSuite">
		<classes>
			<class name="test.DeclareTempReadingTest">
				<methods>
					<include name="tc01_SubmitTempReading"/>
					<exclude name="tc02_Logout"/>
				</methods>
			</class>
		</classes>
	</test> <!-- Test -->
</suite> <!-- Suite -->